"보안등위치명",설치개수,소재지도로명주소,소재지지번주소,위도,경도,설치연도,설치형태,관리기관전화번호,관리기관명,데이터기준일자
"남원시 문오로 479-17",1,전라북도 남원시 문오로 479-17,,,,2021,,063-620-6455,전라북도 남원시청,2023-06-13
"남원시 신촌동 51-2",1,전라북도 남원시 신촌동 51-2,,,,2021,,063-620-6455,전라북도 남원시청,2023-06-13
"남원시 여수 1길 31",1,전라북도 남원시 여수 1길 31,,,,2021,,063-620-6455,전라북도 남원시청,2023-06-13
"남원시 남문로 257-26",1,전라북도 남원시 남문로 257-26,,,,2021,,063-620-6455,전라북도 남원시청,2023-06-13
"남원시 신정동 35-1",1,전라북도 남원시 신정동 35-1,,,,2021,,063-620-6455,전라북도 남원시청,2023-06-13
"남원시 한우물길 28-11",1,전라북도 남원시 한우물길 28-11,,,,2021,,063-620-6455,전라북도 남원시청,2023-06-13
"남원시 화정동 980",1,전라북도 남원시 화정동 980,,,,2021,,063-620-6455,전라북도 남원시청,2023-06-13
"남원시 왕정동 138-1",1,전라북도 남원시 왕정동 138-1,,,,2021,,063-620-6455,전라북도 남원시청,2023-06-13
"남원시 서문3길 21-6",1,전라북도 남원시 서문3길 21-6,,,,2021,,063-620-6455,전라북도 남원시청,2023-06-13
"남원시 화정동 345-7",1,전라북도 남원시 화정동 345-7,,,,2021,,063-620-6455,전라북도 남원시청,2023-06-13
"남원시 내척동 300",1,전라북도 남원시 내척동 300,,,,2021,,063-620-6455,전라북도 남원시청,2023-06-13
"남원시 내척동 303-10",1,전라북도 남원시 내척동 303-10,,,,2021,,063-620-6455,전라북도 남원시청,2023-06-13
"남원시 내척동 498-3",1,전라북도 남원시 내척동 498-3,,,,2021,,063-620-6455,전라북도 남원시청,2023-06-13
"남원시 내척동 682-7",1,전라북도 남원시 내척동 682-7,,,,2021,,063-620-6455,전라북도 남원시청,2023-06-13
"남원시 내척동 498-41",1,전라북도 남원시 내척동 498-41,,,,2021,,063-620-6455,전라북도 남원시청,2023-06-13
"남원시 내척동 산 27-10",1,전라북도 남원시 내척동 산 27-10,,,,2021,,063-620-6455,전라북도 남원시청,2023-06-13
"남원시 내척동 421-2",1,전라북도 남원시 내척동 421-2,,,,2021,,063-620-6455,전라북도 남원시청,2023-06-13
"남원시 내척동 산 27-1",1,전라북도 남원시 내척동 산 27-1,,,,2021,,063-620-6455,전라북도 남원시청,2023-06-13
"남원시 광치동 94-1",1,전라북도 남원시 광치동 94-1,,,,2021,,063-620-6455,전라북도 남원시청,2023-06-13
"남원시 내척동 343",1,전라북도 남원시 내척동 343,,,,2021,,063-620-6455,전라북도 남원시청,2023-06-13
"남원시 향교동 287-3",1,전라북도 남원시 향교동 287-3,,,,2021,,063-620-6455,전라북도 남원시청,2023-06-13
"남원시 식정동 226-3",1,전라북도 남원시 식정동 226-3,,,,2021,,063-620-6455,전라북도 남원시청,2023-06-13
"남원시 식정동 산65-1",1,전라북도 남원시 식정동 산65-1,,,,2021,,063-620-6455,전라북도 남원시청,2023-06-13
"남원시 고죽동 662",1,전라북도 남원시 고죽동 662,,,,2021,,063-620-6455,전라북도 남원시청,2023-06-13
"남원시 갈치동 227-2",1,전라북도 남원시 갈치동 227-2,,,,2021,,063-620-6455,전라북도 남원시청,2023-06-13
"남원시 갈치동 456",1,전라북도 남원시 갈치동 456,,,,2021,,063-620-6455,전라북도 남원시청,2023-06-13
"남원시 갈치동 산81-1",1,전라북도 남원시 갈치동 산81-1,,,,2021,,063-620-6455,전라북도 남원시청,2023-06-13
"남원시 갈치동 449-4",1,전라북도 남원시 갈치동 449-4,,,,2021,,063-620-6455,전라북도 남원시청,2023-06-13
"남원시 갈치동 42",1,전라북도 남원시 갈치동 42,,,,2021,,063-620-6455,전라북도 남원시청,2023-06-13
"남원시 식정동 467-9",1,전라북도 남원시 식정동 467-9,,,,2021,,063-620-6455,전라북도 남원시청,2023-06-13
"남원시 갈치동 442-55",1,전라북도 남원시 갈치동 442-55,,,,2021,,063-620-6455,전라북도 남원시청,2023-06-13
"남원시 갈치동 483-1",1,전라북도 남원시 갈치동 483-1,,,,2021,,063-620-6455,전라북도 남원시청,2023-06-13
"남원시 갈치동 96-2",1,전라북도 남원시 갈치동 96-2,,,,2021,,063-620-6455,전라북도 남원시청,2023-06-13
"남원시 월락동 131-101",1,전라북도 남원시 월락동 131-101,,,,2021,,063-620-6455,전라북도 남원시청,2023-06-13
"남원시 갈치동 104-1",1,전라북도 남원시 갈치동 104-1,,,,2021,,063-620-6455,전라북도 남원시청,2023-06-13
"남원시 남문로 475-4",1,전라북도 남원시 남문로 475-4,,,,2021,,063-620-6455,전라북도 남원시청,2023-06-13
"남원시 주생면 영천길 172-37",1,전라북도 남원시 주생면 영천길 172-37,,,,2021,,063-620-6455,전라북도 남원시청,2023-06-13
"남원시 주생면 영천리 699",1,전라북도 남원시 주생면 영천리 699,,,,2021,,063-620-6455,전라북도 남원시청,2023-06-13
"남원시 주생면 상도길 233",1,전라북도 남원시 주생면 상도길 233,,,,2021,,063-620-6455,전라북도 남원시청,2023-06-13
"남원시 주생면 상도길 188-15",1,전라북도 남원시 주생면 상도길 188-15,,,,2021,,063-620-6455,전라북도 남원시청,2023-06-13
"남원시 주생면 반송안길 43-12",1,전라북도 남원시 주생면 반송안길 43-12,,,,2021,,063-620-6455,전라북도 남원시청,2023-06-13
"남원시 주생면 반송안길 28",1,전라북도 남원시 주생면 반송안길 28,,,,2021,,063-620-6455,전라북도 남원시청,2023-06-13
"남원시 주생면 주생내동길 49",1,전라북도 남원시 주생면 주생내동길 49,,,,2021,,063-620-6455,전라북도 남원시청,2023-06-13
"남원시 주생면 장산길 42-7",1,전라북도 남원시 주생면 장산길 42-7,,,,2021,,063-620-6455,전라북도 남원시청,2023-06-13
"남원시 사매면 인화리 407-1",1,전라북도 남원시 사매면 인화리 407-1,,,,2021,,063-620-6455,전라북도 남원시청,2023-06-13
"남원시 사매면 인화길 52-6",1,전라북도 남원시 사매면 인화길 52-6,,,,2021,,063-620-6455,전라북도 남원시청,2023-06-13
"남원시 사매면 서도리 821-14",1,전라북도 남원시 사매면 서도리 821-14,,,,2021,,063-620-6455,전라북도 남원시청,2023-06-13
"남원시 사매면 서도리 869",1,전라북도 남원시 사매면 서도리 869,,,,2021,,063-620-6455,전라북도 남원시청,2023-06-13
"남원시 사매면 서도리 90-1",1,전라북도 남원시 사매면 서도리 90-1,,,,2021,,063-620-6455,전라북도 남원시청,2023-06-13
"남원시 사매면 구술길 36-3",1,전라북도 남원시 사매면 구술길 36-3,,,,2021,,063-620-6455,전라북도 남원시청,2023-06-13
"남원시 사매면 계수리 662-9",1,전라북도 남원시 사매면 계수리 662-9,,,,2021,,063-620-6455,전라북도 남원시청,2023-06-13
"남원시 사매면 대율리 18-5",1,전라북도 남원시 사매면 대율리 18-5,,,,2021,,063-620-6455,전라북도 남원시청,2023-06-13
"남원시 사매면 대율리 895-2",1,전라북도 남원시 사매면 대율리 895-2,,,,2021,,063-620-6455,전라북도 남원시청,2023-06-13
"남원시 사매면 대율화정길 79-115",1,전라북도 남원시 사매면 대율화정길 79-115,,,,2021,,063-620-6455,전라북도 남원시청,2023-06-13
"남원시 사매면 화정리 517-12",1,전라북도 남원시 사매면 화정리 517-12,,,,2021,,063-620-6455,전라북도 남원시청,2023-06-13
"남원시 사매면 화정리 517-17",1,전라북도 남원시 사매면 화정리 517-17,,,,2021,,063-620-6455,전라북도 남원시청,2023-06-13
"남원시 사매면 춘향로 822-63",1,전라북도 남원시 사매면 춘향로 822-63,,,,2021,,063-620-6455,전라북도 남원시청,2023-06-13
"남원시 사매면 세동길 63",1,전라북도 남원시 사매면 세동길 63,,,,2021,,063-620-6455,전라북도 남원시청,2023-06-13
"남원시 사매면 대신리 677",1,전라북도 남원시 사매면 대신리 677,,,,2021,,063-620-6455,전라북도 남원시청,2023-06-13
"남원시 사매면 용북길 17",1,전라북도 남원시 사매면 용북길 17,,,,2021,,063-620-6455,전라북도 남원시청,2023-06-13
"남원시 사매면 오신리 508-1",1,전라북도 남원시 사매면 오신리 508-1,,,,2021,,063-620-6455,전라북도 남원시청,2023-06-13
"남원시 사매면 대율리 840-1",1,전라북도 남원시 사매면 대율리 840-1,,,,2021,,063-620-6455,전라북도 남원시청,2023-06-13
"남원시 주천면 가송길 7",1,전라북도 남원시 주천면 가송길 7,,,,2021,,063-620-6455,전라북도 남원시청,2023-06-13
"남원시 주천면 장안리 26-20",1,전라북도 남원시 주천면 장안리 26-20,,,,2021,,063-620-6455,전라북도 남원시청,2023-06-13
"남원시 주천면 배덕리 658",1,전라북도 남원시 주천면 배덕리 658,,,,2021,,063-620-6455,전라북도 남원시청,2023-06-13
"남원시 주천면 배덕리 591-1",1,전라북도 남원시 주천면 배덕리 591-1,,,,2021,,063-620-6455,전라북도 남원시청,2023-06-13
"남원시 주천면  배덕리 921",1,전라북도 남원시 주천면 배덕리 921,,,,2021,,063-620-6455,전라북도 남원시청,2023-06-13
"남원시 주천면  배덕리",1,전라북도 남원시 주천면 배덕리,,,,2021,,063-620-6455,전라북도 남원시청,2023-06-13
"남원시 주천면 쑥고개로 477-12",1,전라북도 남원시 주천면 쑥고개로 477-12,,,,2021,,063-620-6455,전라북도 남원시청,2023-06-13
"남원시 주천면  내송길 29-8",1,전라북도 남원시 주천면 내송길 29-8,,,,2021,,063-620-6455,전라북도 남원시청,2023-06-13
"남원시 주천면  호기리 587",1,전라북도 남원시 주천면 호기리 587,,,,2021,,063-620-6455,전라북도 남원시청,2023-06-13
"남원시 주천면 원천로 436-41",1,전라북도 남원시 주천면 원천로 436-41,,,,2021,,063-620-6455,전라북도 남원시청,2023-06-13
"남원시 주천면 고기리 388",1,전라북도 남원시 주천면 고기리 388,,,,2021,,063-620-6455,전라북도 남원시청,2023-06-13
"남원시 주천면 고기리 45-30",1,전라북도 남원시 주천면 고기리 45-30,,,,2021,,063-620-6455,전라북도 남원시청,2023-06-13
"남원시 주천면 고기리 산 40-1",1,전라북도 남원시 주천면 고기리 산 40-1,,,,2021,,063-620-6455,전라북도 남원시청,2023-06-13
"남원시 주천면 노치길 68",1,전라북도 남원시 주천면 노치길 68,,,,2021,,063-620-6455,전라북도 남원시청,2023-06-13
"남원시 주천면  장안리 191-6",1,전라북도 남원시 주천면 장안리 191-6,,,,2021,,063-620-6455,전라북도 남원시청,2023-06-13
"남원시 고촌 151",1,전라북도 남원시 고촌 151,,,,2021,,063-620-6455,전라북도 남원시청,2023-06-13
"남원시 주천면 주천리 233-1",1,전라북도 남원시 주천면 주천리 233-1,,,,2021,,063-620-6455,전라북도 남원시청,2023-06-13
"남원시 내기 삼거리",1,전라북도 남원시 내기 삼거리,,,,2021,,063-620-6455,전라북도 남원시청,2023-06-13
"남원시 하주(주천면 주천리)",1,전라북도 남원시 하주(주천면 주천리),,,,2021,,063-620-6455,전라북도 남원시청,2023-06-13
"남원시 주천면 고기리268-1",1,전라북도 남원시 주천면 고기리268-1,,,,2021,,063-620-6455,전라북도 남원시청,2023-06-13
"남원시 주천면 고기리 258-1",1,전라북도 남원시 주천면 고기리 258-1,,,,2021,,063-620-6455,전라북도 남원시청,2023-06-13
"남원시 산동면 대촌길 12-15",1,전라북도 남원시 산동면 대촌길 12-15,,,,2021,,063-620-6455,전라북도 남원시청,2023-06-13
"남원시 산동면 목동길 23-9",1,전라북도 남원시 산동면 목동길 23-9,,,,2021,,063-620-6455,전라북도 남원시청,2023-06-13
"남원시 산동면 대기리 1142-8",1,전라북도 남원시 산동면 대기리 1142-8,,,,2021,,063-620-6455,전라북도 남원시청,2023-06-13
"남원시 산동면 부절1길 45-11",1,전라북도 남원시 산동면 부절1길 45-11,,,,2021,,063-620-6455,전라북도 남원시청,2023-06-13
"남원시 산동면 월석리 640-1",1,전라북도 남원시 산동면 월석리 640-1,,,,2021,,063-620-6455,전라북도 남원시청,2023-06-13
"남원시 용정동 753-195",1,전라북도 남원시 용정동 753-195,,,,2021,,063-620-6455,전라북도 남원시청,2023-06-13
"남원시 대강면 생암리 596-1",1,전라북도 남원시 대강면 생암리 596-1,,,,2021,,063-620-6455,전라북도 남원시청,2023-06-13
"남원시 주천면 호경리 463-9",1,전라북도 남원시 주천면 호경리 463-9,,,,2021,,063-620-6455,전라북도 남원시청,2023-06-13
"남원시 주천면 호경리 63",1,전라북도 남원시 주천면 호경리 63,,,,2021,,063-620-6455,전라북도 남원시청,2023-06-13
"남원시 산내면 지리산로 1357-8",1,전라북도 남원시 산내면 지리산로 1357-8,,,,2021,,063-620-6455,전라북도 남원시청,2023-06-13
"대정리 637-3",1,전라북도 남원시 대정리 637-3,,,,2021,,063-620-6455,전라북도 남원시청,2023-06-13
"남원시 이백면 과립리 727-7",1,전라북도 남원시 이백면 과립리 727-7,,,,2021,,063-620-6455,전라북도 남원시청,2023-06-13
"남원시 아영면의지리 1019-6",1,전라북도 남원시 아영면의지리 1019-6,,,,2021,,063-620-6455,전라북도 남원시청,2023-06-13
"남원시 아영면 의지리 820-14",1,전라북도 남원시 아영면 의지리 820-14,,,,2021,,063-620-6455,전라북도 남원시청,2023-06-13
"남원시 산내면부운리 656",1,전라북도 남원시 산내면부운리 656,,,,2021,,063-620-6455,전라북도 남원시청,2023-06-13
"남원시 산내면 부운리 365",1,전라북도 남원시 산내면 부운리 365,,,,2021,,063-620-6455,전라북도 남원시청,2023-06-13
"남원시 아영면의지리 811-6",1,전라북도 남원시 아영면의지리 811-6,,,,2021,,063-620-6455,전라북도 남원시청,2023-06-13
"운봉-838",1,전북전라북도 남원시 황산로 823,전라북도 남원시 운봉읍 장교리 217-12,,,2021,,063-620-6455,전라북도 남원시청,2023-06-13
"운봉-839",1,,전라북도 남원시 운봉읍 덕산리 1098-6,,,2021,,063-620-6455,전라북도 남원시청,2023-06-13
"운봉-840",1,,전라북도 남원시 운봉읍 덕산리 1134,,,2021,,063-620-6455,전라북도 남원시청,2023-06-13
"운봉-841",1,,전라북도 남원시 운봉읍 덕산리 1064,,,2021,,063-620-6455,전라북도 남원시청,2023-06-13
"운봉-842",1,,전라북도 남원시 운봉읍 주촌리 300-32,,,2021,,063-620-6455,전라북도 남원시청,2023-06-13
"운봉-843",1,,전라북도 남원시 운봉읍 주촌리 410-2,,,2021,,063-620-6455,전라북도 남원시청,2023-06-13
"운봉-844",1,,전라북도 남원시 운봉읍 주촌리 870-3,,,2021,,063-620-6455,전라북도 남원시청,2023-06-13
"운봉-845",1,,전라북도 남원시 운봉읍 화수리 1116,,,2021,,063-620-6455,전라북도 남원시청,2023-06-13
"운봉-846",1,,전라북도 남원시 운봉읍 화수리 433,,,2021,,063-620-6455,전라북도 남원시청,2023-06-13
"운봉-847",1,,전라북도 남원시 운봉읍 화수리 145-276,,,2021,,063-620-6455,전라북도 남원시청,2023-06-13
"운봉-848",1,,전라북도 남원시 운봉읍 화수리 678,,,2021,,063-620-6455,전라북도 남원시청,2023-06-13
"운봉-849",1,전라북도 남원시 운봉읍 황산로 1341,전라북도 남원시 운봉읍 화수리 140-7,,,2021,,063-620-6455,전라북도 남원시청,2023-06-13
"운봉-850",1,,전라북도 남원시 운봉읍 가산리 36-2,,,2021,,063-620-6455,전라북도 남원시청,2023-06-13
"운봉-851",1,전라북도 남원시 운봉읍 수철길 21,전라북도 남원시 운봉읍 공안리 242-1,,,2021,,063-620-6455,전라북도 남원시청,2023-06-13
"운봉-852",1,,전라북도 남원시 운봉읍 산덕리 1124,,,2021,,063-620-6455,전라북도 남원시청,2023-06-13
"운봉-853",1,,전라북도 남원시 운봉읍 서천리 509-4,,,2021,,063-620-6455,전라북도 남원시청,2023-06-13
"운봉-854",1,,전라북도 남원시 운봉읍 장교리 1080-12,,,2021,,063-620-6455,전라북도 남원시청,2023-06-13
"운봉-855",1,,전라북도 남원시 운봉읍 장교리 456-3,,,2021,,063-620-6455,전라북도 남원시청,2023-06-13
"운봉-856",1,전라북도 남원시 운봉읍 새연동길 67-28,전라북도 남원시 운봉읍 장교리 산16-5,,,2021,,063-620-6455,전라북도 남원시청,2023-06-13
"운봉-857",1,,전라북도 남원시 운봉읍 매요리 604-3,,,2021,,063-620-6455,전라북도 남원시청,2023-06-13
"수지-507",1,,전라북도 남원시 수지면 산정리 934-57,,,2021,,063-620-6455,전라북도 남원시청,2023-06-13
"수지-508",1,,전라북도 남원시 수지면 산정리 14-1,,,2021,,063-620-6455,전라북도 남원시청,2023-06-13
"수지-509",1,,전라북도 남원시 수지면 산정리 1037-1,,,2021,,063-620-6455,전라북도 남원시청,2023-06-13
"수지-510",1,전라북도 남원시 수지면 수지산촌길 193,전라북도 남원시 수지면 산정리 741,,,2021,,063-620-6455,전라북도 남원시청,2023-06-13
"수지-511",1,,전라북도 남원시 수지면 산정리 664-3,,,2021,,063-620-6455,전라북도 남원시청,2023-06-13
"수지-512",1,,전라북도 남원시 수지면 남창리 1851-11,,,2021,,063-620-6455,전라북도 남원시청,2023-06-13
"수지-513",1,,전라북도 남원시 수지면 호곡리 792-2,,,2021,,063-620-6455,전라북도 남원시청,2023-06-13
"수지-514",1,,전라북도 남원시 수지면 호곡리 911-2,,,2021,,063-620-6455,전라북도 남원시청,2023-06-13
"수지-515",1,,전라북도 남원시 수지면 호곡리 647-2,,,2021,,063-620-6455,전라북도 남원시청,2023-06-13
"수지-516",1,,전라북도 남원시 수지면 고평리 산 109,,,2021,,063-620-6455,전라북도 남원시청,2023-06-13
"수지-517",1,,전라북도 남원시 수지면 고평리 산 111,,,2021,,063-620-6455,전라북도 남원시청,2023-06-13
"수지-518",1,,전라북도 남원시 수지면 고평리 산 114,,,2021,,063-620-6455,전라북도 남원시청,2023-06-13
"수지-519",1,,전라북도 남원시 수지면 고평리 산 144,,,2021,,063-620-6455,전라북도 남원시청,2023-06-13
"수지-520",1,,전라북도 남원시 수지면 고평리 산 145-1,,,2021,,063-620-6455,전라북도 남원시청,2023-06-13
"수지-521",1,,전라북도 남원시 수지면 산정리 26-2,,,2021,,063-620-6455,전라북도 남원시청,2023-06-13
"송동-603",1,,전라북도 남원시 송동면 연산리 384-3,,,2021,,063-620-6455,전라북도 남원시청,2023-06-13
"송동-604",1,전라북도 남원시 송동면 송동신촌길 28,전라북도 남원시 송동면 두신리 595-2,,,2021,,063-620-6455,전라북도 남원시청,2023-06-13
"송동-605",1,,전라북도 남원시 송동면 송상리 503-1,,,2021,,063-620-6455,전라북도 남원시청,2023-06-13
"송동-606",1,전라북도 남원시 송동면 송상장국길 163,전라북도 남원시 송동면 송상리 655,,,2021,,063-620-6455,전라북도 남원시청,2023-06-13
"송동-607",1,전라북도 남원시 송동면 송내사촌길 192-76,전라북도 남원시 송동면 사촌리 408,,,2021,,063-620-6455,전라북도 남원시청,2023-06-13
"송동-608",1,,전라북도 남원시 송동면 장국리 315-1,,,2021,,063-620-6455,전라북도 남원시청,2023-06-13
"송동-609",1,,전라북도 남원시 송동면 장국리 866-2,,,2021,,063-620-6455,전라북도 남원시청,2023-06-13
"송동-610",1,전라북도 남원시 송동면 안계길 134-7,전라북도 남원시 송동면 흑송리 337,,,2021,,063-620-6455,전라북도 남원시청,2023-06-13
"송동-611",1,,전라북도 남원시 송동면 신평리 1119-1,,,2021,,063-620-6455,전라북도 남원시청,2023-06-13
"송동-612",1,,전라북도 남원시 송동면 신평리 468,,,2021,,063-620-6455,전라북도 남원시청,2023-06-13
"송동-613",1,,전라북도 남원시 송동면 신평리 1124-1,,,2021,,063-620-6455,전라북도 남원시청,2023-06-13
"송동-614",1,,전라북도 남원시 송동면 신평리 1124-3,,,2021,,063-620-6455,전라북도 남원시청,2023-06-13
"송동-615",1,,전라북도 남원시 송동면 신평리 469-4,,,2021,,063-620-6455,전라북도 남원시청,2023-06-13
"금지-508",1,,전라북도 남원시 금지면 하도리 88,,,2021,,063-620-6455,전라북도 남원시청,2023-06-13
"금지-509",1,,전라북도 남원시 금지면 하도리 88,,,2021,,063-620-6455,전라북도 남원시청,2023-06-13
"금지-510",1,,전라북도 남원시 금지면 하도리 159-2,,,2021,,063-620-6455,전라북도 남원시청,2023-06-13
"금지-511",1,,전라북도 남원시 금지면 하도리 621-544,,,2021,,063-620-6455,전라북도 남원시청,2023-06-13
"금지-512",1,,전라북도 남원시 금지면 하도리 1228,,,2021,,063-620-6455,전라북도 남원시청,2023-06-13
"금지-513",1,,전라북도 남원시 금지면 하도리 1187-7,,,2021,,063-620-6455,전라북도 남원시청,2023-06-13
"금지-514",1,,전라북도 남원시 금지면 하도리 1186-11,,,2021,,063-620-6455,전라북도 남원시청,2023-06-13
"금지-515",1,,전라북도 남원시 금지면 하도리 1185-7,,,2021,,063-620-6455,전라북도 남원시청,2023-06-13
"금지-516",1,,전라북도 남원시 금지면 하도리 1183-7,,,2021,,063-620-6455,전라북도 남원시청,2023-06-13
"금지-517",1,,전라북도 남원시 금지면 하도리 1016-1,,,2021,,063-620-6455,전라북도 남원시청,2023-06-13
"금지-518",1,,전라북도 남원시 금지면 하도리 1278-5,,,2021,,063-620-6455,전라북도 남원시청,2023-06-13
"금지-519",1,,전라북도 남원시 금지면 상신리 590,,,2021,,063-620-6455,전라북도 남원시청,2023-06-13
"금지-520",1,,전라북도 남원시 금지면 상신리 596,,,2021,,063-620-6455,전라북도 남원시청,2023-06-13
"금지-521",1,,전라북도 남원시 금지면 택내리 331,,,2021,,063-620-6455,전라북도 남원시청,2023-06-13
"금지-522",1,,전라북도 남원시 금지면 택내리 741-3,,,2021,,063-620-6455,전라북도 남원시청,2023-06-13
"금지-523",1,,전라북도 남원시 금지면 택내리 949-6,,,2021,,063-620-6455,전라북도 남원시청,2023-06-13
"금지-524",1,,전라북도 남원시 금지면 상귀리 654,,,2021,,063-620-6455,전라북도 남원시청,2023-06-13
"금지-525",1,전라북도 남원시 금지면 섬진로 32-6,전라북도 남원시 금지면 상귀리 115,,,2021,,063-620-6455,전라북도 남원시청,2023-06-13
"금지-526",1,,전라북도 남원시 금지면 상귀리 150-2,,,2021,,063-620-6455,전라북도 남원시청,2023-06-13
"금지-527",1,전라북도 남원시 금지면 상귀2길 12,전라북도 남원시 금지면 상귀리 28-1,,,2021,,063-620-6455,전라북도 남원시청,2023-06-13
"금지-528",1,전라북도 남원시 금지면 안골목길 25-3,전라북도 남원시 금지면 방촌리 558-2,,,2021,,063-620-6455,전라북도 남원시청,2023-06-13
"금지-529",1,,전라북도 남원시 금지면 방촌리 산 19-1,,,2021,,063-620-6455,전라북도 남원시청,2023-06-13
"금지-530",1,전라북도 남원시 금지면 금지순환길 277-28,전라북도 남원시 금지면 방촌리 1075,,,2021,,063-620-6455,전라북도 남원시청,2023-06-13
"금지-531",1,,전라북도 남원시 금지면 상신리 103-123,,,2021,,063-620-6455,전라북도 남원시청,2023-06-13
"금지-532",1,,전라북도 남원시 금지면 서매리 391-5,,,2021,,063-620-6455,전라북도 남원시청,2023-06-13
"대강-580",1,전라북도 남원시 대강면 수촌2길 18-1,전라북도 남원시 대강면 수홍리 754,,,2021,,063-620-6455,전라북도 남원시청,2023-06-13
"대강-581",1,,전라북도 남원시 대강면 수홍리 932,,,2021,,063-620-6455,전라북도 남원시청,2023-06-13
"대강-582",1,전라북도 남원시 대강면 섬진로 1602-42,전라북도 남원시 대강면 수홍리 558,,,2021,,063-620-6455,전라북도 남원시청,2023-06-13
"대강-583",1,전라북도 남원시 대강면 평촌1길 14,전라북도 남원시 대강면 평촌리 271-2,,,2021,,063-620-6455,전라북도 남원시청,2023-06-13
"대강-584",1,,전라북도 남원시 대강면 사석리 407-2,,,2021,,063-620-6455,전라북도 남원시청,2023-06-13
"대강-585",1,전라북도 남원시 대강면 섬진로 953,전라북도 남원시 대강면 사석리 1967-3,,,2021,,063-620-6455,전라북도 남원시청,2023-06-13
"대강-586",1,,전라북도 남원시 대강면 사석리 산 175,,,2021,,063-620-6455,전라북도 남원시청,2023-06-13
"대강-587",1,,전라북도 남원시 대강면 사석리 90,,,2021,,063-620-6455,전라북도 남원시청,2023-06-13
"대강-588",1,,전라북도 남원시 대강면 사석리 1854-87,,,2021,,063-620-6455,전라북도 남원시청,2023-06-13
"대강-589",1,,전라북도 남원시 대강면 신덕리 556-3,,,2021,,063-620-6455,전라북도 남원시청,2023-06-13
"대강-590",1,,전라북도 남원시 대강면 월탄리 308-3,,,2021,,063-620-6455,전라북도 남원시청,2023-06-13
"대강-591",1,,전라북도 남원시 대강면 월탄리 224-1,,,2021,,063-620-6455,전라북도 남원시청,2023-06-13
"이백-543",1,,전라북도 남원시 이백면 서곡리 447-6,,,2021,,063-620-6455,전라북도 남원시청,2023-06-13
"이백-544",1,,전라북도 남원시 이백면 서곡리 553-14,,,2021,,063-620-6455,전라북도 남원시청,2023-06-13
"이백-545",1,전라북도 남원시 이백면 이백로 388-14,전라북도 남원시 이백면 서곡리92-7,,,2021,,063-620-6455,전라북도 남원시청,2023-06-13
"이백-546",1,,전라북도 남원시 이백면 초촌리 838-1,,,2021,,063-620-6455,전라북도 남원시청,2023-06-13
"이백-547",1,,전라북도 남원시 이백면 서곡리 559-116,,,2021,,063-620-6455,전라북도 남원시청,2023-06-13
"이백-548",1,,전라북도 남원시 이백면 척문리 832-316,,,2021,,063-620-6455,전라북도 남원시청,2023-06-13
"이백-549",1,,전라북도 남원시 이백면 척문리 58-2,,,2021,,063-620-6455,전라북도 남원시청,2023-06-13
"이백-550",1,,전라북도 남원시 이백면 척문리 832-283,,,2021,,063-620-6455,전라북도 남원시청,2023-06-13
"이백-551",1,,전라북도 남원시 이백면 척문리 832-315,,,2021,,063-620-6455,전라북도 남원시청,2023-06-13
"운교리 1207(운교)[433]",1,,전라북도 남원시 운교리 1207(운교)[433],,,2021,,063-620-6455,전라북도 남원시청,2023-06-13
"금성리 58-1(금강)[434]",1,,전라북도 남원시 금성리 58-1(금강)[434],,,2021,,063-620-6455,전라북도 남원시청,2023-06-13
"신계리 835(신촌)[435]",1,,전라북도 남원시 신계리 835(신촌)[435],,,2021,,063-620-6455,전라북도 남원시청,2023-06-13
"길곡리 714-3(왈길)[436]",1,,전라북도 남원시 길곡리 714-3(왈길)[436],,,2021,,063-620-6455,전라북도 남원시청,2023-06-13
"길곡리 552(왈길)[437]",1,,전라북도 남원시 길곡리 552(왈길)[437],,,2021,,063-620-6455,전라북도 남원시청,2023-06-13
"옥률리 산40-10(율정)[438]",1,,전라북도 남원시 옥률리 산40-10(율정)[438],,,2021,,063-620-6455,전라북도 남원시청,2023-06-13
"옥률리 158-1(율정)[439]",1,,전라북도 남원시 옥률리 158-1(율정)[439],,,2021,,063-620-6455,전라북도 남원시청,2023-06-13
"대곡리 1039(하대)[440]",1,,전라북도 남원시 대곡리 1039(하대)[440],,,2021,,063-620-6455,전라북도 남원시청,2023-06-13
"심곡길 303-9[441]",1,,전라북도 남원시 심곡길 303-9[441],,,2021,,063-620-6455,전라북도 남원시청,2023-06-13
"신계리 847-10[442]",1,,전라북도 남원시 신계리 847-10[442],,,2021,,063-620-6455,전라북도 남원시청,2023-06-13
"만도리 444-1(도촌)[459]",1,,전라북도 남원시 만도리 444-1(도촌)[459],,,2021,,063-620-6455,전라북도 남원시청,2023-06-13
"신양리 881(비촌)[461]",1,,전라북도 남원시 신양리 881(비촌)[461],,,2021,,063-620-6455,전라북도 남원시청,2023-06-13
"신양리 895(비촌)[462]",1,,전라북도 남원시 신양리 895(비촌)[462],,,2021,,063-620-6455,전라북도 남원시청,2023-06-13
"덕과남길 207(비촌)[463]",1,,전라북도 남원시 덕과남길 207(비촌)[463],,,2021,,063-620-6455,전라북도 남원시청,2023-06-13
"사곡1길 52사곡)[464]",1,,전라북도 남원시 사곡1길 52사곡)[464],,,2021,,063-620-6455,전라북도 남원시청,2023-06-13
"사율리 351-15(사곡)[465]",1,,전라북도 남원시 사율리 351-15(사곡)[465],,,2021,,063-620-6455,전라북도 남원시청,2023-06-13
"사율리741(사곡)[466]",1,,전라북도 남원시 사율리741(사곡)[466],,,2021,,063-620-6455,전라북도 남원시청,2023-06-13
"고정리 1384-1(월평)[467]",1,,전라북도 남원시 고정리 1384-1(월평)[467],,,2021,,063-620-6455,전라북도 남원시청,2023-06-13
"고정리 1384-1(월평)[468]",1,,전라북도 남원시 고정리 1384-1(월평)[468],,,2021,,063-620-6455,전라북도 남원시청,2023-06-13
"용산리 1052-9(용산)[469]",1,,전라북도 남원시 용산리 1052-9(용산)[469],,,2021,,063-620-6455,전라북도 남원시청,2023-06-13
"고정리 1143(고정)[470]",1,,전라북도 남원시 고정리 1143(고정)[470],,,2021,,063-620-6455,전라북도 남원시청,2023-06-13
"덕과고정길89(고정)[471]",1,,전라북도 남원시 덕과고정길89(고정)[471],,,2021,,063-620-6455,전라북도 남원시청,2023-06-13
"고정리 1116(고정)[472]",1,,전라북도 남원시 고정리 1116(고정)[472],,,2021,,063-620-6455,전라북도 남원시청,2023-06-13
"덕과로 272-54(수촌)[473]",1,,전라북도 남원시 덕과로 272-54(수촌)[473],,,2021,,063-620-6455,전라북도 남원시청,2023-06-13
"덕과로 281-22(수촌)[474]",1,,전라북도 남원시 덕과로 281-22(수촌)[474],,,2021,,063-620-6455,전라북도 남원시청,2023-06-13
"수촌길 26-6(수촌)[475]",1,,전라북도 남원시 수촌길 26-6(수촌)[475],,,2021,,063-620-6455,전라북도 남원시청,2023-06-13
"수촌길 38-4(수촌)[476]",1,,전라북도 남원시 수촌길 38-4(수촌)[476],,,2021,,063-620-6455,전라북도 남원시청,2023-06-13
"덕촌리 930-1(수촌)[477]",1,,전라북도 남원시 덕촌리 930-1(수촌)[477],,,2021,,063-620-6455,전라북도 남원시청,2023-06-13
"용산리 1008-1수촌)[478]",1,,전라북도 남원시 용산리 1008-1수촌)[478],,,2021,,063-620-6455,전라북도 남원시청,2023-06-13
"덕과로 348-64(덕동)[479]",1,,전라북도 남원시 덕과로 348-64(덕동)[479],,,2021,,063-620-6455,전라북도 남원시청,2023-06-13
"용산리 969-7(용산)[480]",1,,전라북도 남원시 용산리 969-7(용산)[480],,,2021,,063-620-6455,전라북도 남원시청,2023-06-13
"용산리 1063-5(배산)[481]",1,,전라북도 남원시 용산리 1063-5(배산)[481],,,2021,,063-620-6455,전라북도 남원시청,2023-06-13
"인월리 658(구인월)[689]",1,,전라북도 남원시 인월리 658(구인월)[689],,,2021,,063-620-6455,전라북도 남원시청,2023-06-13
"인월남길 15[690]",1,,전라북도 남원시 인월남길 15[690],,,2021,,063-620-6455,전라북도 남원시청,2023-06-13
"중근리 172(중근)[691]",1,,전라북도 남원시 중근리 172(중근)[691],,,2021,,063-620-6455,전라북도 남원시청,2023-06-13
"중군리 88-19(중군)[692]",1,,전라북도 남원시 중군리 88-19(중군)[692],,,2021,,063-620-6455,전라북도 남원시청,2023-06-13
"상우리 304-29(하우)[693]",1,,전라북도 남원시 상우리 304-29(하우)[693],,,2021,,063-620-6455,전라북도 남원시청,2023-06-13
"상우리 634-5(상우)[694]",1,,전라북도 남원시 상우리 634-5(상우)[694],,,2021,,063-620-6455,전라북도 남원시청,2023-06-13
"성산리 275-2(성산)[696]",1,,전라북도 남원시 성산리 275-2(성산)[696],,,2021,,063-620-6455,전라북도 남원시청,2023-06-13
"성산리 216(성산)[697]",1,,전라북도 남원시 성산리 216(성산)[697],,,2021,,063-620-6455,전라북도 남원시청,2023-06-13
"자래리 191-1[698]",1,,전라북도 남원시 자래리 191-1[698],,,2021,,063-620-6455,전라북도 남원시청,2023-06-13
"자래리 191-5[699]",1,,전라북도 남원시 자래리 191-5[699],,,2021,,063-620-6455,전라북도 남원시청,2023-06-13
"건지리 1059(내건)[700]",1,,전라북도 남원시 건지리 1059(내건)[700],,,2021,,063-620-6455,전라북도 남원시청,2023-06-13
"건지리 1061(내건)[701]",1,,전라북도 남원시 건지리 1061(내건)[701],,,2021,,063-620-6455,전라북도 남원시청,2023-06-13
"두락리 881-19[702]",1,,전라북도 남원시 두락리 881-19[702],,,2021,,063-620-6455,전라북도 남원시청,2023-06-13
"도룡리 667[525]",1,,전라북도 남원시 도룡리 667[525],,,2021,,063-620-6455,전라북도 남원시청,2023-06-13
"도룡리 901-1[526]",1,,전라북도 남원시 도룡리 901-1[526],,,2021,,063-620-6455,전라북도 남원시청,2023-06-13
"황벌리 365-1[527]",1,,전라북도 남원시 황벌리 365-1[527],,,2021,,063-620-6455,전라북도 남원시청,2023-06-13
"황벌리 1295-5[528]",1,,전라북도 남원시 황벌리 1295-5[528],,,2021,,063-620-6455,전라북도 남원시청,2023-06-13
"황벌리 산 28-1[529]",1,,전라북도 남원시 황벌리 산 28-1[529],,,2021,,063-620-6455,전라북도 남원시청,2023-06-13
"진기리 산55[530]",1,,전라북도 남원시 진기리 산55[530],,,2021,,063-620-6455,전라북도 남원시청,2023-06-13
"진기리 632-2[531]",1,,전라북도 남원시 진기리 632-2[531],,,2021,,063-620-6455,전라북도 남원시청,2023-06-13
"사촌리 866-2[532]",1,,전라북도 남원시 사촌리 866-2[532],,,2021,,063-620-6455,전라북도 남원시청,2023-06-13
"서치리 301-4[533]",1,,전라북도 남원시 서치리 301-4[533],,,2021,,063-620-6455,전라북도 남원시청,2023-06-13
"사촌리 671-10[534]",1,,전라북도 남원시 사촌리 671-10[534],,,2021,,063-620-6455,전라북도 남원시청,2023-06-13
"진기리 533-2[535]",1,,전라북도 남원시 진기리 533-2[535],,,2021,,063-620-6455,전라북도 남원시청,2023-06-13
"신파리 402-1(펫바라기 정문)[536]",1,,전라북도 남원시 신파리 402-1,,,2021,,063-620-6455,전라북도 남원시청,2023-06-13
"도룡리 878-6[537]",1,,전라북도 남원시 도룡리 878-6[537],,,2021,,063-620-6455,전라북도 남원시청,2023-06-13
"신파리 487[538]",1,,전라북도 남원시 신파리 487[538],,,2021,,063-620-6455,전라북도 남원시청,2023-06-13
"도룡리 산 78-41[539]",1,,전라북도 남원시 도룡리 산 78-41[539],,,2021,,063-620-6455,전라북도 남원시청,2023-06-13
"서치리 234[540]",1,,전라북도 남원시 서치리 234[540],,,2021,,063-620-6455,전라북도 남원시청,2023-06-13
"아곡길 10[521]",1,,전라북도 남원시 아곡길 10[521],,,2021,,063-620-6455,전라북도 남원시청,2023-06-13
"봉대리 54[522]",1,,전라북도 남원시 봉대리 54[522],,,2021,,063-620-6455,전라북도 남원시청,2023-06-13
"인풍리 249-1[523]",1,,전라북도 남원시 인풍리 249-1[523],,,2021,,063-620-6455,전라북도 남원시청,2023-06-13
"월산 899-3[524]",1,,전라북도 남원시 월산 899-3[524],,,2021,,063-620-6455,전라북도 남원시청,2023-06-13
"성리 926-1[525]",1,,전라북도 남원시 성리 926-1[525],,,2021,,063-620-6455,전라북도 남원시청,2023-06-13
"송리 627[526]",1,,전라북도 남원시 송리 627[526],,,2021,,063-620-6455,전라북도 남원시청,2023-06-13
"일대 942[527]",1,,전라북도 남원시 일대 942[527],,,2021,,063-620-6455,전라북도 남원시청,2023-06-13
"의지 946-3[528]",1,,전라북도 남원시 의지 946-3[528],,,2021,,063-620-6455,전라북도 남원시청,2023-06-13
"두락 882[529]",1,,전라북도 남원시 두락 882[529],,,2021,,063-620-6455,전라북도 남원시청,2023-06-13
"청계리 87-4[530]",1,,전라북도 남원시 청계리 87-4[530],,,2021,,063-620-6455,전라북도 남원시청,2023-06-13
"구상리 산 60-1[531]",1,,전라북도 남원시 구상리 산 60-1[531],,,2021,,063-620-6455,전라북도 남원시청,2023-06-13
"구상리 185[532]",1,,전라북도 남원시 구상리 185[532],,,2021,,063-620-6455,전라북도 남원시청,2023-06-13
"구상리 382-5[533]",1,,전라북도 남원시 구상리 382-5[533],,,2021,,063-620-6455,전라북도 남원시청,2023-06-13
"구상리 750[534]",1,,전라북도 남원시 구상리 750[534],,,2021,,063-620-6455,전라북도 남원시청,2023-06-13
"청계리 1074[535]",1,,전라북도 남원시 청계리 1074[535],,,2021,,063-620-6455,전라북도 남원시청,2023-06-13
"두락리 881-19[536]",1,,전라북도 남원시 두락리 881-19[536],,,2021,,063-620-6455,전라북도 남원시청,2023-06-13
"서무리 1042-4(계암)[537]",1,,전라북도 남원시 서무리 1042-4(계암)[537],,,2021,,063-620-6455,전라북도 남원시청,2023-06-13
"덕동리 807[477]",1,,전라북도 남원시 덕동리 807[477],,,2021,,063-620-6455,전라북도 남원시청,2023-06-13
"덕동리 722-1[478]",1,,전라북도 남원시 덕동리 722-1[478],,,2021,,063-620-6455,전라북도 남원시청,2023-06-13
"덕동리 802[479]",1,,전라북도 남원시 덕동리 802[479],,,2021,,063-620-6455,전라북도 남원시청,2023-06-13
"덕동리 620-1[480]",1,,전라북도 남원시 덕동리 620-1[480],,,2021,,063-620-6455,전라북도 남원시청,2023-06-13
"덕동리 627-1[481]",1,,전라북도 남원시 덕동리 627-1[481],,,2021,,063-620-6455,전라북도 남원시청,2023-06-13
"지리산로 673[483]",1,,전라북도 남원시 지리산로 673[483],,,2021,,063-620-6455,전라북도 남원시청,2023-06-13
"덕동리 162-2[484]",1,,전라북도 남원시 덕동리 162-2[484],,,2021,,063-620-6455,전라북도 남원시청,2023-06-13
"부운리 376[485]",1,,전라북도 남원시 부운리 376[485],,,2021,,063-620-6455,전라북도 남원시청,2023-06-13
"지리산로 156[486]",1,,전라북도 남원시 지리산로 156[486],,,2021,,063-620-6455,전라북도 남원시청,2023-06-13
"원천길 43-1[487]",1,,전라북도 남원시 원천길 43-1[487],,,2021,,063-620-6455,전라북도 남원시청,2023-06-13
"대정리 65-3[488]",1,,전라북도 남원시 대정리 65-3[488],,,2021,,063-620-6455,전라북도 남원시청,2023-06-13
"천왕봉로 871-27[489]",1,,전라북도 남원시 천왕봉로 871-27[489],,,2021,,063-620-6455,전라북도 남원시청,2023-06-13
"지리산로 1583[490]",1,,전라북도 남원시 지리산로 1583[490],,,2021,,063-620-6455,전라북도 남원시청,2023-06-13
"노암동 부곡마을",1,,전라북도 남원시 노암동 225-31,,,2021,,063-620-6455,전라북도 남원시청,2023-06-13
"노암동 부곡마을",1,,전라북도 남원시 노암동 225-43,,,2021,,063-620-6455,전라북도 남원시청,2023-06-13
"노암동 부곡마을",1,,전라북도 남원시 노암동 225-9,,,2021,,063-620-6455,전라북도 남원시청,2023-06-13
"노암동 부곡마을",1,,전라북도 남원시 노암동 225-27,,,2021,,063-620-6455,전라북도 남원시청,2023-06-13
"노암동 부곡마을",1,,전라북도 남원시 노암동 225-25,,,2021,,063-620-6455,전라북도 남원시청,2023-06-13
"충정로-156",1,,전라북도 남원시 월락동 494,,,2021,,063-620-6455,전라북도 남원시청,2023-06-13
"충정로-157",1,,전라북도 남원시 월락동 490-11,,,2021,,063-620-6455,전라북도 남원시청,2023-06-13
"충정로-158",1,,전라북도 남원시 월락동 622-60,,,2021,,063-620-6455,전라북도 남원시청,2023-06-13
"충정로-159",1,,전라북도 남원시 월락동 622-60,,,2021,,063-620-6455,전라북도 남원시청,2023-06-13
